lun	part	name	start_512	size_512	start_bytes	size_bytes
sda	sda1	ssd	48	16	24576	8192
sda	sda2	persist	64	65536	32768	33554432
sda	sda3	misc	65600	2048	33587200	1048576
sda	sda4	param	67648	2048	34635776	1048576
sda	sda5	keystore	69696	1024	35684352	524288
sda	sda6	frp	70720	1024	36208640	524288
sda	sda7	op2	71744	524288	36732928	268435456
sda	sda8	oem_dycnvbk	596032	20480	305168384	10485760
sda	sda9	oem_stanvbk	616512	20480	315654144	10485760
sda	sda10	mdm_oem_dycnvbk	636992	2048	326139904	1048576
sda	sda11	mdm_oem_stanvbk	639040	2048	327188480	1048576
sda	sda12	config	641088	1024	328237056	524288
sda	sda13	system_a	642112	7110656	328761344	3640655872
sda	sda14	system_b	7752768	7110656	3969417216	3640655872
sda	sda15	odm_a	14863424	204800	7610073088	104857600
sda	sda16	odm_b	15068224	204800	7714930688	104857600
sda	sda17	metadata	15273024	32768	7819788288	16777216
sda	sda18	rawdump	15305792	262144	7836565504	134217728
sda	sda19	userdata	15567936	475706264	7970783232	243561607168
sdb	sdb1	xbl_a	48	7168	24576	3670016
sdb	sdb2	xbl_config_a	7216	256	3694592	131072
sdc	sdc1	xbl_b	48	7168	24576	3670016
sdc	sdc2	xbl_config_b	7216	256	3694592	131072
sdd	sdd1	ALIGN_TO_128K_1	48	208	24576	106496
sdd	sdd2	cdt	256	256	131072	131072
sdd	sdd3	ddr	512	2048	262144	1048576
sdd	sdd4	mdmddr	2560	2048	1310720	1048576
sde	sde1	aop_a	48	1024	24576	524288
sde	sde2	tz_a	1072	8192	548864	4194304
sde	sde3	hyp_a	9264	16384	4743168	8388608
sde	sde4	modem_a	25648	614400	13131776	314572800
sde	sde5	bluetooth_a	640048	2048	327704576	1048576
sde	sde6	mdtpsecapp_a	642096	8192	328753152	4194304
sde	sde7	mdtp_a	650288	65536	332947456	33554432
sde	sde8	abl_a	715824	16384	366501888	8388608
sde	sde9	dsp_a	732208	131072	374890496	67108864
sde	sde10	keymaster_a	863280	1024	441999360	524288
sde	sde11	boot_a	864304	196608	442523648	100663296
sde	sde12	cmnlib_a	1060912	1024	543186944	524288
sde	sde13	cmnlib64_a	1061936	1024	543711232	524288
sde	sde14	devcfg_a	1062960	256	544235520	131072
sde	sde15	qupfw_a	1063216	160	544366592	81920
sde	sde16	vendor_a	1063376	2097152	544448512	1073741824
sde	sde17	vbmeta_a	3160528	128	1618190336	65536
sde	sde18	dtbo_a	3160656	49152	1618255872	25165824
sde	sde19	uefisecapp_a	3209808	4096	1643421696	2097152
sde	sde20	imagefv_a	3213904	4096	1645518848	2097152
sde	sde21	core_nhlos_a	3218000	348160	1647616000	178257920
sde	sde22	LOGO_a	3566160	32768	1825873920	16777216
sde	sde23	fw_ufs1_a	3598928	4096	1842651136	2097152
sde	sde24	fw_ufs2_a	3603024	4096	1844748288	2097152
sde	sde25	fw_ufs3_a	3607120	4096	1846845440	2097152
sde	sde26	fw_ufs4_a	3611216	4096	1848942592	2097152
sde	sde27	fw_ufs5_a	3615312	4096	1851039744	2097152
sde	sde28	multiimgoem_a	3619408	64	1853136896	32768
sde	sde29	aop_b	3619472	1024	1853169664	524288
sde	sde30	tz_b	3620496	8192	1853693952	4194304
sde	sde31	hyp_b	3628688	16384	1857888256	8388608
sde	sde32	modem_b	3645072	614400	1866276864	314572800
sde	sde33	bluetooth_b	4259472	2048	2180849664	1048576
sde	sde34	mdtpsecapp_b	4261520	8192	2181898240	4194304
sde	sde35	mdtp_b	4269712	65536	2186092544	33554432
sde	sde36	abl_b	4335248	16384	2219646976	8388608
sde	sde37	dsp_b	4351632	131072	2228035584	67108864
sde	sde38	keymaster_b	4482704	1024	2295144448	524288
sde	sde39	boot_b	4483728	196608	2295668736	100663296
sde	sde40	cmnlib_b	4680336	1024	2396332032	524288
sde	sde41	cmnlib64_b	4681360	1024	2396856320	524288
sde	sde42	devcfg_b	4682384	256	2397380608	131072
sde	sde43	qupfw_b	4682640	160	2397511680	81920
sde	sde44	vendor_b	4682800	2097152	2397593600	1073741824
sde	sde45	vbmeta_b	6779952	128	3471335424	65536
sde	sde46	dtbo_b	6780080	49152	3471400960	25165824
sde	sde47	uefisecapp_b	6829232	4096	3496566784	2097152
sde	sde48	imagefv_b	6833328	4096	3498663936	2097152
sde	sde49	LOGO_b	6837424	32768	3500761088	16777216
sde	sde50	fw_ufs1_b	6870192	4096	3517538304	2097152
sde	sde51	fw_ufs2_b	6874288	4096	3519635456	2097152
sde	sde52	fw_ufs3_b	6878384	4096	3521732608	2097152
sde	sde53	fw_ufs4_b	6882480	4096	3523829760	2097152
sde	sde54	fw_ufs5_b	6886576	4096	3525926912	2097152
sde	sde55	multiimgoem_b	6890672	64	3528024064	32768
sde	sde56	aging	6890736	131072	3528056832	67108864
sde	sde57	aging_mod	7021808	65536	3595165696	33554432
sde	sde58	op1	7087344	614400	3628720128	314572800
sde	sde59	devinfo	7701744	8	3943292928	4096
sde	sde60	dip	7701752	2048	3943297024	1048576
sde	sde61	apdp	7703800	512	3944345600	262144
sde	sde62	msadp	7704312	512	3944607744	262144
sde	sde63	spunvm	7704824	16384	3944869888	8388608
sde	sde64	splash	7721208	66848	3953258496	34226176
sde	sde65	limits	7788056	8	3987484672	4096
sde	sde66	toolsfv	7788064	2048	3987488768	1048576
sde	sde67	logfs	7790112	16384	3988537344	8388608
sde	sde68	cateloader	7806496	4096	3996925952	2097152
sde	sde69	logdump	7810592	131072	3999023104	67108864
sde	sde70	storsec_a	7941664	256	4066131968	131072
sde	sde71	uefivarstore	7941920	1024	4066263040	524288
sde	sde72	secdata	7942944	56	4066787328	28672
sde	sde73	catefv	7943000	1024	4066816000	524288
sde	sde74	catecontentfv	7944024	2048	4067340288	1048576
sde	sde75	reserve1	7946072	16192	4068388864	8290304
sde	sde76	reserve2	7962264	32384	4076679168	16580608
sde	sde77	reserve3	7994648	32384	4093259776	16580608
sde	sde78	reserve4	8027032	32384	4109840384	16580608
sde	sde79	mdm1oemnvbktmp	8059416	2048	4126420992	1048576
sde	sde80	storsec_b	8061464	256	4127469568	131072
sdf	sdf1	ALIGN_TO_128K_2	48	208	24576	106496
sdf	sdf2	modemst1	256	4096	131072	2097152
sdf	sdf3	modemst2	4352	4096	2228224	2097152
sdf	sdf4	fsg	8448	4096	4325376	2097152
sdf	sdf5	fsc	12544	256	6422528	131072
sdf	sdf6	mdm1m9kefs3	12800	2048	6553600	1048576
sdf	sdf7	mdm1m9kefs1	14848	2048	7602176	1048576
sdf	sdf8	mdm1m9kefs2	16896	2048	8650752	1048576
sdf	sdf9	mdm1m9kefsc	18944	8	9699328	4096
